{
    "docstructbench_dianzishu_zhongwenzaixian-o.O-61520814.pdf_185.jpg": 0.22525252525252526,
    "docstructbench_dianzishu_zhongwenzaixian-o.O-61522235.pdf_170.jpg": 0.3612565445026178,
    "docstructbench_llm-raw-scihub-o.O-j.chroma.2005.05.085.pdf_4.jpg": 0.2527530152071316,
    "eastmoney_62b4149b1612ce28d20f26cd5c5b2e18f80b26fca6e4452e090376a2fe72eae3.pdf_0.jpg": 0.35365152386428983,
    "jiaocaineedrop_Chapter9.pdf_46.jpg": 0.4738562091503268,
    "jiaocaineedrop_jiaocai_needrop_en_1898.jpg": 0.22047702152414195,
    "notes_1ba14cb325bc448f7201b20502ecf2b5_15.jpg": 0.4864864864864865,
    "notes_f7f010b78016aeebd76e56d9283eb67f_49.jpg": 0.612590799031477,
    "yanbaopptmerge_0c79d327060dbf9f1582d03c235dadb039533a19091d2c0d24f2ad95d267f79b.pdf_2.jpg": 0.41896024464831805
}